{
  "numTabs": 11,
  "fragmentLayout": {
    "0": {
      "x": 124.13793103448276,
      "y": 89.45233265720081,
      "w": 1,
      "h": 1
    },
    "1": {
      "x": 124.13793103448276,
      "y": 130.22312373225154,
      "w": 1,
      "h": 1
    },
    "2": {
      "x": 82.1501014198783,
      "y": 130.22312373225154,
      "w": 1,
      "h": 1
    },
    "3": {
      "x": 82.1501014198783,
      "y": 89.45233265720081,
      "w": 1,
      "h": 1
    },
    "4": {
      "x": 455.78093306288037,
      "y": 89.45233265720081,
      "w": 1,
      "h": 1
    },
    "5": {
      "x": 455.78093306288037,
      "y": 130.22312373225154,
      "w": 1,
      "h": 1
    },
    "6": {
      "x": 413.184584178499,
      "y": 130.22312373225154,
      "w": 1,
      "h": 1
    },
    "7": {
      "x": 413.184584178499,
      "y": 89.45233265720081,
      "w": 1,
      "h": 1
    },
    "8": {
      "x": 232.45436105476676,
      "y": 89.45233265720081,
      "w": 1,
      "h": 1
    },
    "9": {
      "x": 232.45436105476676,
      "y": 130.22312373225154,
      "w": 1,
      "h": 1
    },
    "10": {
      "x": 189.85801217038542,
      "y": 130.22312373225154,
      "w": 1,
      "h": 1
    },
    "11": {
      "x": 189.85801217038542,
      "y": 89.45233265720081,
      "w": 1,
      "h": 1
    },
    "12": {
      "x": 344.421906693712,
      "y": 89.45233265720081,
      "w": 1,
      "h": 1
    },
    "13": {
      "x": 344.421906693712,
      "y": 130.22312373225154,
      "w": 1,
      "h": 1
    },
    "14": {
      "x": 301.82555780933063,
      "y": 130.22312373225154,
      "w": 1,
      "h": 1
    },
    "15": {
      "x": 301.82555780933063,
      "y": 89.45233265720081,
      "w": 1,
      "h": 1
    },
    "16": {
      "x": 90.66937119675457,
      "y": 217.24137931034485,
      "w": 1,
      "h": 2
    },
    "17": {
      "x": 186.20689655172416,
      "y": 208.72210953346857,
      "w": 1,
      "h": 1
    },
    "18": {
      "x": 228.19472616632862,
      "y": 208.72210953346857,
      "w": 1,
      "h": 1
    },
    "19": {
      "x": 270.18255578093306,
      "y": 208.72210953346857,
      "w": 1,
      "h": 1
    },
    "20": {
      "x": 312.17038539553755,
      "y": 208.72210953346857,
      "w": 1,
      "h": 1
    },
    "21": {
      "x": 354.76673427991886,
      "y": 208.72210953346857,
      "w": 1,
      "h": 1
    },
    "22": {
      "x": 186.20689655172416,
      "y": 250.10141987829616,
      "w": 1,
      "h": 1
    },
    "23": {
      "x": 228.19472616632862,
      "y": 250.10141987829616,
      "w": 1,
      "h": 1
    },
    "24": {
      "x": 270.18255578093306,
      "y": 250.10141987829616,
      "w": 1,
      "h": 1
    },
    "25": {
      "x": 312.17038539553755,
      "y": 250.10141987829616,
      "w": 1,
      "h": 1
    },
    "26": {
      "x": 354.76673427991886,
      "y": 250.10141987829616,
      "w": 1,
      "h": 1
    },
    "27": {
      "x": 445.43610547667345,
      "y": 229.41176470588238,
      "w": 1,
      "h": 1
    },
    "28": {
      "x": 374.23935091277895,
      "y": 451.5212981744422,
      "w": 1,
      "h": 1
    },
    "29": {
      "x": 415.6186612576065,
      "y": 451.5212981744422,
      "w": 1,
      "h": 1
    },
    "30": {
      "x": 456.38945233265724,
      "y": 451.5212981744422,
      "w": 1,
      "h": 1
    },
    "31": {
      "x": 229.41176470588238,
      "y": 451.5212981744422,
      "w": 1,
      "h": 1
    },
    "32": {
      "x": 270.79107505070994,
      "y": 451.5212981744422,
      "w": 1,
      "h": 1
    },
    "33": {
      "x": 312.7789046653144,
      "y": 451.5212981744422,
      "w": 1,
      "h": 1
    },
    "34": {
      "x": 83.36713995943205,
      "y": 363.894523326572,
      "w": 1,
      "h": 1
    },
    "35": {
      "x": 125.9634888438134,
      "y": 363.894523326572,
      "w": 1,
      "h": 1
    },
    "36": {
      "x": 167.95131845841786,
      "y": 363.894523326572,
      "w": 1,
      "h": 1
    },
    "37": {
      "x": 83.36713995943205,
      "y": 320.68965517241384,
      "w": 1,
      "h": 1
    },
    "38": {
      "x": 125.9634888438134,
      "y": 320.68965517241384,
      "w": 1,
      "h": 1
    },
    "39": {
      "x": 167.95131845841786,
      "y": 320.68965517241384,
      "w": 1,
      "h": 1
    },
    "40": {
      "x": 229.41176470588238,
      "y": 363.894523326572,
      "w": 1,
      "h": 1
    },
    "41": {
      "x": 270.79107505070994,
      "y": 363.894523326572,
      "w": 1,
      "h": 1
    },
    "42": {
      "x": 312.7789046653144,
      "y": 363.894523326572,
      "w": 1,
      "h": 1
    },
    "43": {
      "x": 374.23935091277895,
      "y": 363.894523326572,
      "w": 1,
      "h": 1
    },
    "44": {
      "x": 415.6186612576065,
      "y": 363.894523326572,
      "w": 1,
      "h": 1
    },
    "45": {
      "x": 456.38945233265724,
      "y": 363.894523326572,
      "w": 1,
      "h": 1
    },
    "46": {
      "x": 83.36713995943205,
      "y": 451.5212981744422,
      "w": 1,
      "h": 1
    },
    "47": {
      "x": 125.9634888438134,
      "y": 451.5212981744422,
      "w": 1,
      "h": 1
    },
    "48": {
      "x": 167.95131845841786,
      "y": 451.5212981744422,
      "w": 1,
      "h": 1
    },
    "49": {
      "x": 374.23935091277895,
      "y": 406.4908722109534,
      "w": 1,
      "h": 1
    },
    "50": {
      "x": 415.6186612576065,
      "y": 406.4908722109534,
      "w": 1,
      "h": 1
    },
    "51": {
      "x": 456.38945233265724,
      "y": 406.4908722109534,
      "w": 1,
      "h": 1
    },
    "52": {
      "x": 83.36713995943205,
      "y": 406.4908722109534,
      "w": 1,
      "h": 1
    },
    "53": {
      "x": 125.9634888438134,
      "y": 406.4908722109534,
      "w": 1,
      "h": 1
    },
    "54": {
      "x": 167.95131845841786,
      "y": 406.4908722109534,
      "w": 1,
      "h": 1
    },
    "55": {
      "x": 229.41176470588238,
      "y": 320.68965517241384,
      "w": 1,
      "h": 1
    },
    "56": {
      "x": 270.79107505070994,
      "y": 320.68965517241384,
      "w": 1,
      "h": 1
    },
    "57": {
      "x": 312.7789046653144,
      "y": 320.68965517241384,
      "w": 1,
      "h": 1
    },
    "58": {
      "x": 374.23935091277895,
      "y": 320.68965517241384,
      "w": 1,
      "h": 1
    },
    "59": {
      "x": 415.6186612576065,
      "y": 320.68965517241384,
      "w": 1,
      "h": 1
    },
    "60": {
      "x": 456.38945233265724,
      "y": 320.68965517241384,
      "w": 1,
      "h": 1
    },
    "61": {
      "x": 229.41176470588238,
      "y": 406.4908722109534,
      "w": 1,
      "h": 1
    },
    "62": {
      "x": 270.79107505070994,
      "y": 406.4908722109534,
      "w": 1,
      "h": 1
    },
    "63": {
      "x": 312.7789046653144,
      "y": 406.4908722109534,
      "w": 1,
      "h": 1
    }
  },
  "items": [
    {
      "verified": false,
      "w": 1,
      "h": 1,
      "ilvl": 0,
      "icon": "https://web.poecdn.com/image/Art/2DItems/Maps/Vaal02.png?scale=1&w=1&h=1&v=3ead6455599ec6c303f54ba98d6f8eb2",
      "league": "Standard",
      "id": "11cf2a230d77c02220d81b218565623b888e4e0ca487aff17c6bf353a8d02163",
      "name": "",
      "typeLine": "Sacrifice at Dawn",
      "identified": true,
      "descrText": "Can be used in the Templar Laboratory or a personal Map Device.",
      "flavourText": [
        "Only those who aspire can dare to hope."
      ],
      "frameType": 0,
      "stackSize": 2,
      "maxStackSize": 5000,
      "category": {
        "maps": [
          "fragment"
        ]
      },
      "x": 1,
      "y": 0,
      "inventoryId": "Stash10"
    },
    {
      "verified": false,
      "w": 1,
      "h": 1,
      "ilvl": 0,
      "icon": "https://web.poecdn.com/image/Art/2DItems/Currency/Breach/BreachShardChaos.png?scale=1&w=1&h=1&v=2c18cbe5384375bbe4643cd8b83ea32d",
      "league": "Standard",
      "id": "8485c6c0373d8f4e9ea7f8eea90fdaca58fb45ea82b76a6ca46eb8bf6dddc0a3",